plot,avg.density,avg.cover,plant.diversity,H,spider.diversity,spider.density,spider.abundance
PNA,5.333333333,46.66666667,23,1.9781801,13,1.472222222,53
PNB,7,60,18,2.2870322,12,1.138888889,41
PNC,24,81.66666667,13,2.1178305,14,1.5,54
PIA,13.66666667,48.33333333,8,1.3385495,8,0.75,27
PIB,11.33333333,36.66666667,16,0.9749884,7,1.444444444,52
PIC,8.333333333,41.66666667,13,1.8989268,7,0.4166666667,15
PLA,80,98,5,1.0549202,3,0.2777777778,10
PLB,160,100,4,0.8199835,4,0.8333333333,30
PLC,60,95,3,0.5623351,2,0.1111111111,4